Account_id,Account,Country,Last_sale
"1412-261 45-817","Conn Group",Philippines,2023-02-21
1469-73179-4,"Fay Inc","United States",2023-02-20
1239--7975,Gorczany-Greenfelder,Brazil,2023-02-19
1029--8,Jakubowski-Will,China,2023-02-19
1710--9,"Schulist, O'Hara and Casper",Canada,2023-02-18
2090--73231,"Monahan, Weimann and Morissette",China,2023-02-15
2510--4,"Larson, Gulgowski and Schumm",Malaysia,2023-02-13
1346-990-0812-6763,"Brown, Bruen and Wiegand",Colombia,2023-02-09
2341-34-143-5,Jerde-Huel,China,2023-02-08
2175-80905-3,Bogan-Flatley,Philippines,2023-02-08
2284--4,Conn-Brown,Philippines,2023-02-06
1700-19-411-0,"Champlin, Corwin and Macejkovic",Pakistan,2023-02-06
2166-3100-43,"Halvorson, Gleason and Parisian","Czech Republic",2023-02-05
2149-67391-6223,Brown-Emmerich,France,2023-02-04
"1042-95021 CEDEX-76943","Mayert, Feil and Prosacco",China,2023-02-01
"1245-71309 CEDEX-84900","Marvin LLC",Cyprus,2023-01-30
1066--1,"Kris, Rath and Sipes",China,2023-01-30
1608-4820-560-6,"Labadie Group",China,2023-01-30
2588-2760-040-8,"Goyette, Kozey and Little",Japan,2023-01-29
1720--4632,Rodriguez-Volkman,China,2023-01-28
2339-5033-84,"Denesik Inc",Hungary,2023-01-27
1133--9,Wisozk-Boehm,Brazil,2023-01-26
1145-4064-6,"Balistreri, Adams and Pagac",Poland,2023-01-21
1229-8404-32,Purdy-Stark,Croatia,2023-01-18
1069-38110-800,"Collins, Kub and Lynch",Sweden,2023-01-14
"1286-59425 CEDEX-61","Armstrong Group","United States",2023-01-13
2585-3714-20446,"Balistreri and Sons",Portugal,2023-01-13
1460-38703-15511,"Smitham Group",Philippines,2023-01-11
2335-9607-80903,"Torphy, Wuckert and Lueilwitz",Philippines,2023-01-11
1301--8,"Greenfelder LLC",China,2023-01-09
1555-90190-648,"Little LLC",China,2023-01-08
1090-1017-896,"Metz, Murphy and Terry",Argentina,2023-01-07
1786--3946,Klein-Mosciski,China,2023-01-06
1055-1103-2060,"Tillman, Stokes and Beier",China,2023-01-04
"1140-801 33-91",Nicolas-Waters,Mexico,2023-01-04
"1345-251 63-35","Conn Group",Philippines,2023-01-01
2347-52428-53,"Pollich, Price and Crooks",Poland,2023-01-01
2560--675,"Zemlak, Bashirian and Schowalter",China,2022-12-25
1089-2205-806-44390,"Mitchell Group",China,2022-12-25
1313--3,"Gutmann, Barrows and Watsica",China,2022-12-23
1153-709-0844-0,"Okuneva, Hand and Pacocha",France,2022-12-22
"2191-169 30-65","Jaskolski, Rodriguez and Kilback",China,2022-12-21
1002--7217,"Walker and Sons",China,2022-12-21
1531--74558,"Ruecker and Sons",Ghana,2022-12-20
2140--62,"Macejkovic LLC",China,2022-12-19
1314--1002,"Koepp, Brekke and Renner",China,2022-12-18
1202--352,"Franecki, MacGyver and Schiller",China,2022-12-17
2466-4425-910,"Kunze, Will and Wiegand",Poland,2022-12-17
1197--235,Ferry-Oberbrunner,China,2022-12-14
2117-8700-156-9,Emmerich-Konopelski,"United States",2022-12-13
2285--7044,Buckridge-Kunde,Philippines,2022-12-12
2359--24,Conroy-Swift,Brazil,2022-12-10
1417--92,"Rempel Inc",Japan,2022-12-09
1228--1016,"Bogisich Group",France,2022-12-07
1646-38126-952,Kozey-Roberts,China,2022-12-07
2108-4323-31449,Cummerata-McDermott,Ethiopia,2022-12-06
2047-525537-6,Harris-Vandervort,China,2022-12-03
1773--0,Kris-Reinger,China,2022-12-02
"1522-76029 CEDEX-42","Kautzer LLC",Sweden,2022-12-02
"2255-254 62-5","Beahan, Mohr and Hyatt",China,2022-12-02
1616--8847,"Spinka, Rogahn and Waelchi",China,2022-11-29
1410-1888-56248,"Kirlin and Sons",Brazil,2022-11-29
1555--8,"Predovic Inc",Japan,2022-11-28
1530-7303-293,"Sporer Inc",Brazil,2022-11-26
2358--9376,Beahan-Dietrich,Greece,2022-11-26
1104-4508-942,"Bailey LLC",Poland,2022-11-26
2286-96799-4986,"Little Group",China,2022-11-24
2367--927,Ortiz-Wintheiser,Poland,2022-11-23
1829--309,Rodriguez-Volkman,China,2022-11-23
1129-8104-4023,McKenzie-Lakin,Netherlands,2022-11-21
2532-55470-7490,"Rolfson LLC",China,2022-11-21
1422--865,"Sauer, Pfeffer and Hamill",Greece,2022-11-19
2077-4023-642,Langworth-Huels,Philippines,2022-11-18
1138-78600-000-41455,"Collins and Sons",China,2022-11-17
1175-763029-6614,"Batz, Weber and Stamm",Colombia,2022-11-17
1669--17268,"Fritsch LLC",Portugal,2022-11-14
"1271-78294 CEDEX-9866",Lynch-Daugherty,China,2022-11-14
1443-3070-063-70979,"Lubowitz, Von and Lind",Thailand,2022-11-14
"2119-30028 CEDEX 9-46490","Kris Group",Bulgaria,2022-11-13
2213--197,"O'Connell Group",China,2022-11-12
2403--855,Grady-Stark,China,2022-11-11
1285-56000-3774,"Cummerata Inc",Philippines,2022-11-10
1437-4147-20,Cassin-Schmidt,Philippines,2022-11-10
1115-4323-45830,"Stanton, Bode and Becker",Philippines,2022-11-09
2266-14150-638,"Zemlak, Bashirian and Schowalter",China,2022-11-07
1975--335,"Gleichner Group",Brazil,2022-11-07
1804--448,Casper-Aufderhar,Egypt,2022-11-06
1390-4830-264-92388,"O'Keefe, Mertz and Donnelly",China,2022-11-05
1085-41190-9,Paucek-Altenwerth,"South Korea",2022-11-03
1218--4355,Wisozk-Jenkins,"Ivory Coast",2022-11-03
1389-34-480-18,Murray-Reilly,Poland,2022-11-03
1951-L74-89,O'Kon-Prosacco,China,2022-11-03
"1198-45922 CEDEX 9-3932",Halvorson-Ziemann,Poland,2022-11-02
1246--91,"Homenick Inc",Poland,2022-10-31
1106-6812-5,"Bailey, Davis and Heidenreich",Norway,2022-10-30
"1985-416 70-40958","Jacobson Group",Norway,2022-10-29
2340--39,Rempel-Funk,Philippines,2022-10-27
1990--47,"Swift, Brekke and Kessler",Greece,2022-10-24
1899-93294-8,Medhurst-Lockman,China,2022-10-22
2508-8029-2,"Beatty, Friesen and Lind",Philippines,2022-10-22
2419-36-007-76,"Hilll, Bauch and Hamill",China,2022-10-22
1709-6004-90,"Cummerata Inc",Philippines,2022-10-20
1639-87505-9,Walsh-Lubowitz,China,2022-10-20
2183--7778,"Senger, McClure and Cormier",China,2022-10-16
1567-65140-55,Jenkins-Doyle,China,2022-10-16
"2600-94593 CEDEX 2-78981","Macejkovic LLC",China,2022-10-15
2124-35570-000-2348,Cremin-Borer,China,2022-10-12
"1815-783 56-1190","Streich LLC",Poland,2022-10-06
"2491-273 02-26",Denesik-Von,"United States",2022-10-05
1065-43261-88,"Pfannerstill Inc",Sweden,2022-10-01
1834-6404-1,Paucek-Langworth,Canada,2022-09-30
1582-13600-000-13,"Shields Inc",Pakistan,2022-09-29
1382--9271,"Rempel Inc",Japan,2022-09-21
1357--61,"Homenick, Ratke and Langosh",Brazil,2022-09-20
1824-N5R-4,"Kunde, Jerde and Pouros",Brazil,2022-09-17
1783-56700-000-25834,"Hegmann Inc",China,2022-09-07
2479-190018-48,"Volkman Inc",Croatia,2022-09-05
1192-687527-19,"Mayert, Feil and Prosacco",China,2022-09-02
1148-378-0401-4895,"Ullrich and Sons",Japan,2022-09-02
1612-778-29,"Quitzon, Yost and Bauch",Greece,2022-09-01
1304--23479,"Lubowitz, Von and Lind",Thailand,2022-08-30
"2020-739 34-6","Wisoky and Sons",China,2022-08-30
2440-73-201-6,Huels-Daugherty,Philippines,2022-08-26
"2573-794 01-3","Champlin, Schoen and Cassin",Ethiopia,2022-08-22
2052-48258-4113,"Hansen Group",Brazil,2022-08-20
"1483-06306 CEDEX 4-41729",Schowalter-Johnson,Argentina,2022-08-19
1051-65215-000-361,"Abbott and Sons",Poland,2022-08-19
1475--73296,Aufderhar-Doyle,China,2022-08-18
1292--9,Keebler-Hilpert,Cambodia,2022-08-17
2136-53716-21,Krajcik-Rogahn,China,2022-08-13
"2623-78514 CEDEX-860","Dooley, Boyle and Weissnat",Brazil,2022-08-09
1173-2806-29,Marks-Emmerich,Thailand,2022-08-09
"1661-13681 CEDEX-6268","Quitzon and Sons",Canada,2022-08-08
1919-865-0122-210,Rempel-Conroy,Brazil,2022-08-07
2483-634027-99503,Weber-Grady,China,2022-08-05
1963-P31-0,"Carter Inc",Brazil,2022-08-05
1761-2970-267-64,Nolan-Toy,China,2022-07-31
1942-132037-3795,"Mayert, Feil and Prosacco",China,2022-07-25
2620-7210-2361,Kozey-Roberts,China,2022-07-18
1027--88,Marks-Christiansen,France,2022-07-15
1227--40,"Ziemann LLC",China,2022-07-13
1602-1673-11,"Baumbach and Sons",Portugal,2022-07-13
1064-228-0027-98,Kerluke-Medhurst,China,2022-07-12
1004-319-1304-2,"Grady and Sons","United States",2022-07-11
2481-6705-130,Sporer-Bogan,"Czech Republic",2022-07-06
2218--6746,"Bauch, Ebert and Fritsch",China,2022-07-03
2071--601,"Trantow, Kuhn and Donnelly",China,2022-06-28
1400--28,"Sawayn and Sons",Philippines,2022-06-22
1120-4214-2,"Torp Group","United States",2022-06-22
2494--515,"Schmidt, Wiegand and Crist",Sweden,2022-06-21
1284--46,Kris-Reinger,China,2022-06-13
1017-10141-53955,"Abbott Inc",Sweden,2022-06-12
1251-5030-304-720,"Altenwerth, Langosh and Krajcik",China,2022-06-09
1373-62-563-7475,"Ledner, Trantow and Rogahn",Poland,2022-06-07
2401--243,"West, Steuber and Walker",Portugal,2022-06-06
2105--256,"Stokes LLC",China,2022-06-05
1380--8705,"Roberts Inc",China,2022-05-28
1288-2307-200,Tillman-Stehr,China,2022-05-26
2128--1,"Dicki Inc",Poland,2022-05-14
2495-9033-88,"Hamill, Thiel and Buckridge",Morocco,2022-05-10
2059-46-053-75525,Kerluke-Medhurst,China,2022-05-09
1023-4580-290-335,"Kuhic, Bode and Orn","United States",2022-05-06
2202-34-350-70,"Leannon Inc",Brazil,2022-05-06
1095-2500-772-86,"Lemke, Balistreri and Buckridge",France,2022-05-05
1506-41-106-718,Hudson-Konopelski,Greece,2022-05-05
"2539-290 01-774","Harber Group",China,2022-05-03
1953--6,"Monahan and Sons",China,2022-05-01
2198-6320-475-1230,"Green Inc",Egypt,2022-04-23
1977--7,"Brown and Sons",Brazil,2022-04-23
1799-83420-000-6331,"Quitzon and Sons",Canada,2022-04-23
1103--83,"Kling, Stiedemann and Bradtke","South Africa",2022-04-22
2197-4500-973,Cronin-Crist,China,2022-04-22
1261--443,"Wiegand LLC",China,2022-04-21
2390-83101-85565,Bergstrom-Jast,"Czech Republic",2022-04-19
2239-2889-700,"King, Cartwright and Mertz",China,2022-04-15
2181-985-0862-2,Hammes-VonRueden,Philippines,2022-04-11
"1455-13834 CEDEX-750","Kuphal, Koelpin and Rowe",Canada,2022-04-07
2161--24305,"Sawayn and Sons",Philippines,2022-04-07
1566-8204-15185,"Stracke, Jakubowski and Halvorson",Brazil,2022-04-06
2428--7,"Stanton, Schulist and Schaefer",Norway,2022-04-05
2320-78151-28,Raynor-Hammes,Japan,2022-04-04
1036-1746-976,"Halvorson, Fahey and Kilback",Brazil,2022-04-04
1873-8650-104-884,"Glover, Zemlak and Mertz",China,2022-03-27
"1782-26003 CEDEX-33134","Pfeffer, Lang and Ullrich",China,2022-03-26
1359--26,"Gerlach Group",France,2022-03-23
1541--575,"Macejkovic, Spinka and Dooley",China,2022-03-21
1841--27325,"Senger and Sons",France,2022-03-16
2485--12822,"Monahan and Sons",China,2022-03-16
1563-76000-6,Bergnaum-Flatley,Philippines,2022-03-13
2227-3515-419,"Homenick, Johnson and Kris",Sweden,2022-03-11
1653-2409-69,"Beatty, Friesen and Lind",Philippines,2022-03-08
2387--91,"Moen, Shields and Johnson",Colombia,2022-03-07
2418-4323-9415,"Jenkins, McCullough and Kozey",China,2022-03-03
1667--785,"Bednar, Macejkovic and Hermiston",Japan,2022-03-03
1704-6328-974,Boehm-Nolan,Japan,2022-03-02
1050--58077,Upton-Klein,"South Africa",2022-02-24
2537--63789,"Altenwerth, Langosh and Krajcik",China,2022-02-23
1651-5100-005-23,"Bogisich Group",France,2022-02-16
2385--6,Trantow-Abbott,Philippines,2022-02-08
1518--5589,"Bradtke, Lindgren and Lakin",Belgium,2022-02-07
1808-7210-9929,"Kuhic LLC",China,2022-01-25
1789-95860-000-4,"Stiedemann Inc",Thailand,2022-01-23
1623--3,"Connelly LLC",China,2022-01-21
2409-6101-155,Yundt-Hilll,China,2022-01-20
"2516-360 01-97","Quigley, Senger and Monahan",Sweden,2022-01-20
2402-14640-000-149,"Walsh Group",Croatia,2022-01-19
1308-79260-000-7964,"Herzog and Sons",China,2022-01-15
1248--827,"Abbott and Sons",Poland,2022-01-14
1576--1731,Fadel-Morar,Croatia,2022-01-13
2613-3060-816-46958,"Walsh Group",Croatia,2022-01-12
"1314-75455 CEDEX 09-329","Senger and Sons",France,2022-01-11
1915--96,Lynch-Daugherty,China,2022-01-11
1197-82007-8528,"Waelchi, Wunsch and Stanton",Croatia,2022-01-10
1356-4312-6,"Senger and Sons",Australia,2022-01-05
1035--1,"Bode, Cummerata and Johnson",China,2022-01-04
1459-3180-14,"Jacobson Group",Norway,2022-01-04
1607-251607-3,"Abshire, Turcotte and Hettinger",China,2022-01-03
1163-06750-000-2,"Abbott Inc",Sweden,2022-01-03
